{
  "policy_type": "baseline",
  "policy_name": "greedy_shortest",
  "n_episodes": 5,
  "seed": 0,
  "returns": {
    "mean": -316434.4375,
    "std": 0.0,
    "median": -316434.4375,
    "min": -316434.4375,
    "max": -316434.4375,
    "raw": [
      -316434.4375,
      -316434.4375,
      -316434.4375,
      -316434.4375,
      -316434.4375
    ]
  },
  "episode_lengths": {
    "mean": 100.0,
    "std": 0.0,
    "median": 100.0,
    "min": 100.0,
    "max": 100.0,
    "raw": [
      100.0,
      100.0,
      100.0,
      100.0,
      100.0
    ]
  },
  "metrics": {
    "mean_travel_time": {
      "mean": 9.186985172981878,
      "std": 0.0,
      "median": 9.186985172981878,
      "min": 9.186985172981878,
      "max": 9.186985172981878,
      "raw": [
        9.186985172981878,
        9.186985172981878,
        9.186985172981878,
        9.186985172981878,
        9.186985172981878
      ]
    },
    "mean_waiting_time": {
      "mean": 32.346422338568935,
      "std": 0.0,
      "median": 32.346422338568935,
      "min": 32.346422338568935,
      "max": 32.346422338568935,
      "raw": [
        32.346422338568935,
        32.346422338568935,
        32.346422338568935,
        32.346422338568935,
        32.346422338568935
      ]
    },
    "total_stops": {
      "mean": 116702.0,
      "std": 0.0,
      "median": 116702.0,
      "min": 116702.0,
      "max": 116702.0,
      "raw": [
        116702.0,
        116702.0,
        116702.0,
        116702.0,
        116702.0
      ]
    },
    "total_emissions": {
      "mean": 564309.7645259965,
      "std": 0.0,
      "median": 564309.7645259965,
      "min": 564309.7645259965,
      "max": 564309.7645259965,
      "raw": [
        564309.7645259965,
        564309.7645259965,
        564309.7645259965,
        564309.7645259965,
        564309.7645259965
      ]
    },
    "arrival_rate": {
      "mean": 0.7005193306405078,
      "std": 0.0,
      "median": 0.7005193306405078,
      "min": 0.7005193306405078,
      "max": 0.7005193306405078,
      "raw": [
        0.7005193306405078,
        0.7005193306405078,
        0.7005193306405078,
        0.7005193306405078,
        0.7005193306405078
      ]
    },
    "controlled_mean_travel_time": {
      "mean": 9.186985172981878,
      "std": 0.0,
      "median": 9.186985172981878,
      "min": 9.186985172981878,
      "max": 9.186985172981878,
      "raw": [
        9.186985172981878,
        9.186985172981878,
        9.186985172981878,
        9.186985172981878,
        9.186985172981878
      ]
    }
  }
}