{
  "policy_type": "baseline",
  "policy_name": "greedy_shortest",
  "n_episodes": 5,
  "seed": 0,
  "returns": {
    "mean": -235721.909375,
    "std": 26638.84104428816,
    "median": -232630.9375,
    "min": -284198.15625,
    "max": -207913.75,
    "raw": [
      -207913.75,
      -232630.9375,
      -238354.109375,
      -215512.59375,
      -284198.15625
    ]
  },
  "episode_lengths": {
    "mean": 100.0,
    "std": 0.0,
    "median": 100.0,
    "min": 100.0,
    "max": 100.0,
    "raw": [
      100.0,
      100.0,
      100.0,
      100.0,
      100.0
    ]
  },
  "metrics": {
    "mean_travel_time": {
      "mean": 14.106767016176793,
      "std": 2.6028465239796574,
      "median": 14.68925831202046,
      "min": 9.329497016197783,
      "max": 17.118718135469774,
      "raw": [
        17.118718135469774,
        14.68925831202046,
        14.012230634828189,
        15.384130982367758,
        9.329497016197783
      ]
    },
    "mean_waiting_time": {
      "mean": 22.098681692712585,
      "std": 3.076147016353652,
      "median": 21.726636475916013,
      "min": 17.931268151016457,
      "max": 27.520050922978996,
      "raw": [
        17.931268151016457,
        21.540419830281376,
        21.726636475916013,
        21.775033083370094,
        27.520050922978996
      ]
    },
    "total_stops": {
      "mean": 60477.2,
      "std": 16504.795998739275,
      "median": 54266.0,
      "min": 42975.0,
      "max": 91718.0,
      "raw": [
        42975.0,
        54182.0,
        59245.0,
        54266.0,
        91718.0
      ]
    },
    "total_emissions": {
      "mean": 421249.0444972341,
      "std": 39232.826338744555,
      "median": 409830.5292512155,
      "min": 384994.44988825393,
      "max": 494268.7756234285,
      "raw": [
        384994.44988825393,
        409830.5292512155,
        425870.07474631513,
        391281.39297695743,
        494268.7756234285
      ]
    },
    "arrival_rate": {
      "mean": 0.6954458944461578,
      "std": 0.027079855743643844,
      "median": 0.6928446771378709,
      "min": 0.6553699284009546,
      "max": 0.740296623540549,
      "raw": [
        0.6553699284009546,
        0.6898985443317159,
        0.6988196988196989,
        0.6928446771378709,
        0.740296623540549
      ]
    },
    "controlled_mean_travel_time": {
      "mean": 14.106767016176793,
      "std": 2.6028465239796574,
      "median": 14.68925831202046,
      "min": 9.329497016197783,
      "max": 17.118718135469774,
      "raw": [
        17.118718135469774,
        14.68925831202046,
        14.012230634828189,
        15.384130982367758,
        9.329497016197783
      ]
    }
  }
}