{
  "policy_type": "baseline",
  "policy_name": "greedy_shortest",
  "n_episodes": 5,
  "seed": 0,
  "returns": {
    "mean": -280304.0,
    "std": 35616.886130926425,
    "median": -267760.53125,
    "min": -328042.59375,
    "max": -231089.171875,
    "raw": [
      -260987.765625,
      -267760.53125,
      -231089.171875,
      -313639.9375,
      -328042.59375
    ]
  },
  "episode_lengths": {
    "mean": 100.0,
    "std": 0.0,
    "median": 100.0,
    "min": 100.0,
    "max": 100.0,
    "raw": [
      100.0,
      100.0,
      100.0,
      100.0,
      100.0
    ]
  },
  "metrics": {
    "mean_travel_time": {
      "mean": 13.307484004935555,
      "std": 3.4982569361042866,
      "median": 14.84961439588689,
      "min": 8.150462962962964,
      "max": 18.04261572373255,
      "raw": [
        14.888278388278389,
        14.84961439588689,
        18.04261572373255,
        10.606448553816975,
        8.150462962962964
      ]
    },
    "mean_waiting_time": {
      "mean": 31.143556254332232,
      "std": 5.247870881812156,
      "median": 30.14099874108267,
      "min": 23.37848041529023,
      "max": 37.4288084965151,
      "raw": [
        28.27295183202964,
        30.14099874108267,
        23.37848041529023,
        37.4288084965151,
        36.496541786743514
      ]
    },
    "total_stops": {
      "mean": 91610.2,
      "std": 28774.444678568514,
      "median": 78031.0,
      "min": 55075.0,
      "max": 131805.0,
      "raw": [
        74709.0,
        78031.0,
        55075.0,
        118431.0,
        131805.0
      ]
    },
    "total_emissions": {
      "mean": 489295.35600209923,
      "std": 49621.54671335389,
      "median": 471971.2094395678,
      "min": 423426.47378657403,
      "max": 556332.4024748116,
      "raw": [
        458333.74987985636,
        471971.2094395678,
        423426.47378657403,
        536412.9444296864,
        556332.4024748116
      ]
    },
    "arrival_rate": {
      "mean": 0.6762614075797924,
      "std": 0.03857151438594801,
      "median": 0.6669381107491856,
      "min": 0.6336126629422719,
      "max": 0.7416309012875536,
      "raw": [
        0.6669381107491856,
        0.6453753629199502,
        0.6336126629422719,
        0.69375,
        0.7416309012875536
      ]
    },
    "controlled_mean_travel_time": {
      "mean": 13.307484004935555,
      "std": 3.4982569361042866,
      "median": 14.84961439588689,
      "min": 8.150462962962964,
      "max": 18.04261572373255,
      "raw": [
        14.888278388278389,
        14.84961439588689,
        18.04261572373255,
        10.606448553816975,
        8.150462962962964
      ]
    }
  }
}