{
  "policy_type": "baseline",
  "policy_name": "noop",
  "n_episodes": 5,
  "seed": 0,
  "returns": {
    "mean": -269375.778125,
    "std": 28382.486258802164,
    "median": -265622.0,
    "min": -313614.6875,
    "max": -231089.171875,
    "raw": [
      -251124.625,
      -265622.0,
      -231089.171875,
      -285428.40625,
      -313614.6875
    ]
  },
  "episode_lengths": {
    "mean": 100.0,
    "std": 0.0,
    "median": 100.0,
    "min": 100.0,
    "max": 100.0,
    "raw": [
      100.0,
      100.0,
      100.0,
      100.0,
      100.0
    ]
  },
  "metrics": {
    "mean_travel_time": {
      "mean": 14.307366999434066,
      "std": 2.8723139211268993,
      "median": 15.29857512953368,
      "min": 9.464800329353643,
      "max": 18.04261572373255,
      "raw": [
        15.561073825503355,
        15.29857512953368,
        18.04261572373255,
        13.169769989047097,
        9.464800329353643
      ]
    },
    "mean_waiting_time": {
      "mean": 28.611078363537718,
      "std": 3.673855186379331,
      "median": 31.03343373493976,
      "min": 23.37848041529023,
      "max": 32.260381593714925,
      "raw": [
        24.98462214411248,
        31.3984739296312,
        23.37848041529023,
        32.260381593714925,
        31.03343373493976
      ]
    },
    "total_stops": {
      "mean": 79662.6,
      "std": 19174.400002086113,
      "median": 80361.0,
      "min": 55075.0,
      "max": 107998.0,
      "raw": [
        62940.0,
        80361.0,
        55075.0,
        91939.0,
        107998.0
      ]
    },
    "total_emissions": {
      "mean": 476450.11026966304,
      "std": 42251.25275183044,
      "median": 468970.68474043504,
      "min": 423426.473786574,
      "max": 543765.4769117179,
      "raw": [
        445622.87455151835,
        468970.68474043504,
        423426.473786574,
        500465.0413580698,
        543765.4769117179
      ]
    },
    "arrival_rate": {
      "mean": 0.665771570537571,
      "std": 0.03314554727267714,
      "median": 0.6468370339338081,
      "min": 0.6336126629422719,
      "max": 0.7259414225941423,
      "raw": [
        0.6464208242950108,
        0.6468370339338081,
        0.6336126629422719,
        0.6760459089226213,
        0.7259414225941423
      ]
    },
    "controlled_mean_travel_time": {
      "mean": 14.307366999434066,
      "std": 2.8723139211268993,
      "median": 15.29857512953368,
      "min": 9.464800329353643,
      "max": 18.04261572373255,
      "raw": [
        15.561073825503355,
        15.29857512953368,
        18.04261572373255,
        13.169769989047097,
        9.464800329353643
      ]
    }
  }
}