{
  "policy_type": "baseline",
  "policy_name": "noop",
  "n_episodes": 5,
  "seed": 0,
  "returns": {
    "mean": -234232.78125,
    "std": 27310.706390175466,
    "median": -231623.984375,
    "min": -284471.0,
    "max": -205293.65625,
    "raw": [
      -205293.65625,
      -231623.984375,
      -234545.59375,
      -215229.671875,
      -284471.0
    ]
  },
  "episode_lengths": {
    "mean": 100.0,
    "std": 0.0,
    "median": 100.0,
    "min": 100.0,
    "max": 100.0,
    "raw": [
      100.0,
      100.0,
      100.0,
      100.0,
      100.0
    ]
  },
  "metrics": {
    "mean_travel_time": {
      "mean": 14.193556251625642,
      "std": 2.533308498693084,
      "median": 15.18003790271636,
      "min": 9.54708904109589,
      "max": 17.106181818181817,
      "raw": [
        17.106181818181817,
        15.184810126582278,
        13.949662369551872,
        15.18003790271636,
        9.54708904109589
      ]
    },
    "mean_waiting_time": {
      "mean": 22.40720535996108,
      "std": 3.259753013836831,
      "median": 22.734711455641687,
      "min": 17.255205811138016,
      "max": 27.117157490396927,
      "raw": [
        17.255205811138016,
        23.928952042628776,
        22.734711455641687,
        21.0,
        27.117157490396927
      ]
    },
    "total_stops": {
      "mean": 60510.0,
      "std": 16072.28976841819,
      "median": 59242.0,
      "min": 41603.0,
      "max": 89921.0,
      "raw": [
        41603.0,
        59242.0,
        59417.0,
        52367.0,
        89921.0
      ]
    },
    "total_emissions": {
      "mean": 419087.06569920277,
      "std": 39893.14367366471,
      "median": 408873.5014784389,
      "min": 381488.54142560303,
      "max": 493981.0861624694,
      "raw": [
        381488.54142560303,
        408873.5014784389,
        420769.7460988767,
        390322.45333062584,
        493981.0861624694
      ]
    },
    "arrival_rate": {
      "mean": 0.6957570220381772,
      "std": 0.026837139854249386,
      "median": 0.6932865291794647,
      "min": 0.6569517439082656,
      "max": 0.7413519517613456,
      "raw": [
        0.6569517439082656,
        0.6932865291794647,
        0.6928966397277754,
        0.6942982456140351,
        0.7413519517613456
      ]
    },
    "controlled_mean_travel_time": {
      "mean": 14.193556251625642,
      "std": 2.533308498693084,
      "median": 15.18003790271636,
      "min": 9.54708904109589,
      "max": 17.106181818181817,
      "raw": [
        17.106181818181817,
        15.184810126582278,
        13.949662369551872,
        15.18003790271636,
        9.54708904109589
      ]
    }
  }
}