{
  "policy_type": "qmix",
  "policy_name": "C:\\Users\\Ianne\\Mono_QMIX\\results\\models\\seed0\\best",
  "n_episodes": 5,
  "seed": 0,
  "returns": {
    "mean": -279016.78125,
    "std": 30874.11847553556,
    "median": -265076.5,
    "min": -333517.375,
    "max": -248668.3125,
    "raw": [
      -265076.5,
      -256187.4375,
      -291634.28125,
      -248668.3125,
      -333517.375
    ]
  },
  "episode_lengths": {
    "mean": 100.0,
    "std": 0.0,
    "median": 100.0,
    "min": 100.0,
    "max": 100.0,
    "raw": [
      100.0,
      100.0,
      100.0,
      100.0,
      100.0
    ]
  },
  "metrics": {
    "mean_travel_time": {
      "mean": 12.609541058800897,
      "std": 2.369106109838419,
      "median": 13.406729634002362,
      "min": 8.3522110162917,
      "max": 14.888235294117647,
      "raw": [
        13.406729634002362,
        14.888235294117647,
        11.894011658717542,
        14.506517690875233,
        8.3522110162917
      ]
    },
    "mean_waiting_time": {
      "mean": 31.08072213186149,
      "std": 4.917477199340211,
      "median": 28.762415574096146,
      "min": 25.792515592515592,
      "max": 37.806763285024154,
      "raw": [
        28.762415574096146,
        26.94160272804774,
        37.806763285024154,
        25.792515592515592,
        36.10031347962382
      ]
    },
    "total_stops": {
      "mean": 91173.6,
      "std": 25026.652461725676,
      "median": 78638.0,
      "min": 68003.0,
      "max": 131795.0,
      "raw": [
        78638.0,
        69025.0,
        108407.0,
        68003.0,
        131795.0
      ]
    },
    "total_emissions": {
      "mean": 487502.9926536658,
      "std": 45832.740174050814,
      "median": 466610.35265537567,
      "min": 444164.00771909027,
      "max": 571623.7281646967,
      "raw": [
        466610.35265537567,
        456176.85843153106,
        498940.01629763545,
        444164.00771909027,
        571623.7281646967
      ]
    },
    "arrival_rate": {
      "mean": 0.6794250413783711,
      "std": 0.02954343372226309,
      "median": 0.6661423515532835,
      "min": 0.6447534766118836,
      "max": 0.7292786421499293,
      "raw": [
        0.6661423515532835,
        0.6447534766118836,
        0.6942604856512141,
        0.662690250925545,
        0.7292786421499293
      ]
    },
    "controlled_mean_travel_time": {
      "mean": 12.609541058800897,
      "std": 2.369106109838419,
      "median": 13.406729634002362,
      "min": 8.3522110162917,
      "max": 14.888235294117647,
      "raw": [
        13.406729634002362,
        14.888235294117647,
        11.894011658717542,
        14.506517690875233,
        8.3522110162917
      ]
    }
  }
}