{
  "policy_type": "qmix",
  "policy_name": "C:\\Users\\otaku\\Documents\\VSC\\Mono QMIX\\Mono-QMIX\\results\\models\\seed0\\best",
  "n_episodes": 5,
  "seed": 0,
  "returns": {
    "mean": -247356.80625,
    "std": 37182.84518103997,
    "median": -232125.453125,
    "min": -318534.5,
    "max": -212216.828125,
    "raw": [
      -212216.828125,
      -245989.421875,
      -232125.453125,
      -227917.828125,
      -318534.5
    ]
  },
  "episode_lengths": {
    "mean": 100.0,
    "std": 0.0,
    "median": 100.0,
    "min": 100.0,
    "max": 100.0,
    "raw": [
      100.0,
      100.0,
      100.0,
      100.0,
      100.0
    ]
  },
  "metrics": {
    "mean_travel_time": {
      "mean": 13.169863243633415,
      "std": 2.7801768509714724,
      "median": 14.063020214030916,
      "min": 7.989056603773585,
      "max": 16.262396694214875,
      "raw": [
        16.262396694214875,
        13.163055872291904,
        14.371786833855799,
        14.063020214030916,
        7.989056603773585
      ]
    },
    "mean_waiting_time": {
      "mean": 23.851646919991033,
      "std": 5.731785627403124,
      "median": 21.82135076252723,
      "min": 18.909517712334615,
      "max": 35.01301706682094,
      "raw": [
        20.668534080298787,
        22.845814977973568,
        21.82135076252723,
        18.909517712334615,
        35.01301706682094
      ]
    },
    "total_stops": {
      "mean": 69103.4,
      "std": 29037.55577592577,
      "median": 56294.0,
      "min": 49400.0,
      "max": 126310.0,
      "raw": [
        50195.0,
        63318.0,
        56294.0,
        49400.0,
        126310.0
      ]
    },
    "total_emissions": {
      "mean": 437040.4731666039,
      "std": 52753.74516429329,
      "median": 416774.0184825835,
      "min": 391054.0488326754,
      "max": 537006.7122754793,
      "raw": [
        391054.0488326754,
        440527.8764125214,
        416774.0184825835,
        399839.7098297595,
        537006.7122754793
      ]
    },
    "arrival_rate": {
      "mean": 0.7042719357359915,
      "std": 0.030989627283671353,
      "median": 0.6952041220768926,
      "min": 0.669432918395574,
      "max": 0.7604017216642754,
      "raw": [
        0.669432918395574,
        0.6952041220768926,
        0.6863166953528399,
        0.7100042211903757,
        0.7604017216642754
      ]
    },
    "controlled_mean_travel_time": {
      "mean": 13.169863243633415,
      "std": 2.7801768509714724,
      "median": 14.063020214030916,
      "min": 7.989056603773585,
      "max": 16.262396694214875,
      "raw": [
        16.262396694214875,
        13.163055872291904,
        14.371786833855799,
        14.063020214030916,
        7.989056603773585
      ]
    }
  }
}