{
  "policy_type": "qmix",
  "policy_name": "C:\\Users\\Ianne\\Mono_QMIX\\results\\models\\seed42\\best",
  "n_episodes": 1,
  "seed": 42,
  "returns": {
    "mean": -318877.65625,
    "std": 0.0,
    "median": -318877.65625,
    "min": -318877.65625,
    "max": -318877.65625,
    "raw": [
      -318877.65625
    ]
  },
  "episode_lengths": {
    "mean": 100.0,
    "std": 0.0,
    "median": 100.0,
    "min": 100.0,
    "max": 100.0,
    "raw": [
      100.0
    ]
  },
  "metrics": {
    "mean_travel_time": {
      "mean": 8.463784603716345,
      "std": 0.0,
      "median": 8.463784603716345,
      "min": 8.463784603716345,
      "max": 8.463784603716345,
      "raw": [
        8.463784603716345
      ]
    },
    "mean_waiting_time": {
      "mean": 28.700558659217876,
      "std": 0.0,
      "median": 28.700558659217876,
      "min": 28.700558659217876,
      "max": 28.700558659217876,
      "raw": [
        28.700558659217876
      ]
    },
    "total_stops": {
      "mean": 108021.0,
      "std": 0.0,
      "median": 108021.0,
      "min": 108021.0,
      "max": 108021.0,
      "raw": [
        108021.0
      ]
    },
    "total_emissions": {
      "mean": 561601.7207337344,
      "std": 0.0,
      "median": 561601.7207337344,
      "min": 561601.7207337344,
      "max": 561601.7207337344,
      "raw": [
        561601.7207337344
      ]
    },
    "arrival_rate": {
      "mean": 0.7314840499306519,
      "std": 0.0,
      "median": 0.7314840499306519,
      "min": 0.7314840499306519,
      "max": 0.7314840499306519,
      "raw": [
        0.7314840499306519
      ]
    },
    "controlled_mean_travel_time": {
      "mean": 8.463784603716345,
      "std": 0.0,
      "median": 8.463784603716345,
      "min": 8.463784603716345,
      "max": 8.463784603716345,
      "raw": [
        8.463784603716345
      ]
    }
  }
}