{
  "policy_type": "qmix",
  "policy_name": "C:\\Users\\otaku\\Documents\\VSC\\Mono QMIX\\Mono-QMIX\\results\\models\\seed0\\best",
  "n_episodes": 5,
  "seed": 0,
  "returns": {
    "mean": -324584.53125,
    "std": 0.0,
    "median": -324584.53125,
    "min": -324584.53125,
    "max": -324584.53125,
    "raw": [
      -324584.53125,
      -324584.53125,
      -324584.53125,
      -324584.53125,
      -324584.53125
    ]
  },
  "episode_lengths": {
    "mean": 100.0,
    "std": 0.0,
    "median": 100.0,
    "min": 100.0,
    "max": 100.0,
    "raw": [
      100.0,
      100.0,
      100.0,
      100.0,
      100.0
    ]
  },
  "metrics": {
    "mean_travel_time": {
      "mean": 9.504244482173174,
      "std": 0.0,
      "median": 9.504244482173174,
      "min": 9.504244482173174,
      "max": 9.504244482173174,
      "raw": [
        9.504244482173174,
        9.504244482173174,
        9.504244482173174,
        9.504244482173174,
        9.504244482173174
      ]
    },
    "mean_waiting_time": {
      "mean": 32.636861313868614,
      "std": 0.0,
      "median": 32.636861313868614,
      "min": 32.636861313868614,
      "max": 32.636861313868614,
      "raw": [
        32.636861313868614,
        32.636861313868614,
        32.636861313868614,
        32.636861313868614,
        32.636861313868614
      ]
    },
    "total_stops": {
      "mean": 112904.0,
      "std": 0.0,
      "median": 112904.0,
      "min": 112904.0,
      "max": 112904.0,
      "raw": [
        112904.0,
        112904.0,
        112904.0,
        112904.0,
        112904.0
      ]
    },
    "total_emissions": {
      "mean": 557327.9146812168,
      "std": 0.0,
      "median": 557327.9146812168,
      "min": 557327.9146812168,
      "max": 557327.9146812168,
      "raw": [
        557327.9146812168,
        557327.9146812168,
        557327.9146812168,
        557327.9146812168,
        557327.9146812168
      ]
    },
    "arrival_rate": {
      "mean": 0.7104945717732207,
      "std": 0.0,
      "median": 0.7104945717732207,
      "min": 0.7104945717732207,
      "max": 0.7104945717732207,
      "raw": [
        0.7104945717732207,
        0.7104945717732207,
        0.7104945717732207,
        0.7104945717732207,
        0.7104945717732207
      ]
    },
    "controlled_mean_travel_time": {
      "mean": 9.504244482173174,
      "std": 0.0,
      "median": 9.504244482173174,
      "min": 9.504244482173174,
      "max": 9.504244482173174,
      "raw": [
        9.504244482173174,
        9.504244482173174,
        9.504244482173174,
        9.504244482173174,
        9.504244482173174
      ]
    }
  }
}