{
  "policy_type": "baseline",
  "policy_name": "random",
  "n_episodes": 5,
  "seed": 0,
  "returns": {
    "mean": -305837.99375,
    "std": 32917.7949857933,
    "median": -312604.34375,
    "min": -344250.0,
    "max": -265450.625,
    "raw": [
      -265450.625,
      -269871.5,
      -344250.0,
      -312604.34375,
      -337013.5
    ]
  },
  "episode_lengths": {
    "mean": 100.0,
    "std": 0.0,
    "median": 100.0,
    "min": 100.0,
    "max": 100.0,
    "raw": [
      100.0,
      100.0,
      100.0,
      100.0,
      100.0
    ]
  },
  "metrics": {
    "mean_travel_time": {
      "mean": 10.971021386550529,
      "std": 2.142932920521384,
      "median": 10.46364494806421,
      "min": 8.600915522263836,
      "max": 13.493529411764706,
      "raw": [
        13.493529411764706,
        13.457179652285898,
        8.600915522263836,
        10.46364494806421,
        8.839837398373984
      ]
    },
    "mean_waiting_time": {
      "mean": 33.53969572069152,
      "std": 2.932813778069192,
      "median": 33.81078365706631,
      "min": 29.07509881422925,
      "max": 37.36130395412013,
      "raw": [
        29.07509881422925,
        31.68517745302714,
        37.36130395412013,
        33.81078365706631,
        35.76611472501478
      ]
    },
    "total_stops": {
      "mean": 105098.8,
      "std": 21190.223683576347,
      "median": 106592.0,
      "min": 79603.0,
      "max": 129820.0,
      "raw": [
        79603.0,
        82587.0,
        129820.0,
        106592.0,
        126892.0
      ]
    },
    "total_emissions": {
      "mean": 529863.687630058,
      "std": 47567.808469767944,
      "median": 544756.194338566,
      "min": 467497.84025856573,
      "max": 581000.272918638,
      "raw": [
        467497.84025856573,
        480175.31917272107,
        581000.272918638,
        544756.194338566,
        575888.8114617993
      ]
    },
    "arrival_rate": {
      "mean": 0.6899953930997801,
      "std": 0.031929431548436346,
      "median": 0.7022546419098143,
      "min": 0.6412056151940545,
      "max": 0.7220428529498092,
      "raw": [
        0.6645817044566067,
        0.6412056151940545,
        0.7198921509886159,
        0.7022546419098143,
        0.7220428529498092
      ]
    },
    "controlled_mean_travel_time": {
      "mean": 10.971021386550529,
      "std": 2.142932920521384,
      "median": 10.46364494806421,
      "min": 8.600915522263836,
      "max": 13.493529411764706,
      "raw": [
        13.493529411764706,
        13.457179652285898,
        8.600915522263836,
        10.46364494806421,
        8.839837398373984
      ]
    }
  }
}