{
  "policy_type": "baseline",
  "policy_name": "random",
  "n_episodes": 5,
  "seed": 0,
  "returns": {
    "mean": -332498.10625,
    "std": 7306.566760766047,
    "median": -338441.4375,
    "min": -338441.4375,
    "max": -322581.6875,
    "raw": [
      -338441.4375,
      -324584.53125,
      -322581.6875,
      -338441.4375,
      -338441.4375
    ]
  },
  "episode_lengths": {
    "mean": 100.0,
    "std": 0.0,
    "median": 100.0,
    "min": 100.0,
    "max": 100.0,
    "raw": [
      100.0,
      100.0,
      100.0,
      100.0,
      100.0
    ]
  },
  "metrics": {
    "mean_travel_time": {
      "mean": 8.421682365207998,
      "std": 0.8957378263334751,
      "median": 7.690353460972018,
      "min": 7.690353460972018,
      "max": 9.533106960950764,
      "raw": [
        7.690353460972018,
        9.504244482173174,
        9.533106960950764,
        7.690353460972018,
        7.690353460972018
      ]
    },
    "mean_waiting_time": {
      "mean": 33.59226475786481,
      "std": 0.9872499581755708,
      "median": 34.38881309686221,
      "min": 32.158023184868824,
      "max": 34.38881309686221,
      "raw": [
        34.38881309686221,
        32.636861313868614,
        32.158023184868824,
        34.38881309686221,
        34.38881309686221
      ]
    },
    "total_stops": {
      "mean": 123643.4,
      "std": 9665.62353084373,
      "median": 131516.0,
      "min": 110765.0,
      "max": 131516.0,
      "raw": [
        131516.0,
        112904.0,
        110765.0,
        131516.0,
        131516.0
      ]
    },
    "total_emissions": {
      "mean": 568941.3211537763,
      "std": 10707.30760533869,
      "median": 577651.5879627727,
      "min": 554423.9271993462,
      "max": 577651.5879627727,
      "raw": [
        577651.5879627727,
        557327.9146812169,
        554423.9271993462,
        577651.5879627727,
        577651.5879627727
      ]
    },
    "arrival_rate": {
      "mean": 0.7260909177214752,
      "std": 0.011960609886435365,
      "median": 0.7358439447304254,
      "min": 0.7104945717732207,
      "max": 0.7358439447304254,
      "raw": [
        0.7358439447304254,
        0.7104945717732207,
        0.7124281826428788,
        0.7358439447304254,
        0.7358439447304254
      ]
    },
    "controlled_mean_travel_time": {
      "mean": 8.421682365207998,
      "std": 0.8957378263334751,
      "median": 7.690353460972018,
      "min": 7.690353460972018,
      "max": 9.533106960950764,
      "raw": [
        7.690353460972018,
        9.504244482173174,
        9.533106960950764,
        7.690353460972018,
        7.690353460972018
      ]
    }
  }
}