{
  "policy_type": "baseline",
  "policy_name": "random",
  "n_episodes": 1,
  "seed": 42,
  "returns": {
    "mean": -338609.1875,
    "std": 0.0,
    "median": -338609.1875,
    "min": -338609.1875,
    "max": -338609.1875,
    "raw": [
      -338609.1875
    ]
  },
  "episode_lengths": {
    "mean": 100.0,
    "std": 0.0,
    "median": 100.0,
    "min": 100.0,
    "max": 100.0,
    "raw": [
      100.0
    ]
  },
  "metrics": {
    "mean_travel_time": {
      "mean": 9.233319167020824,
      "std": 0.0,
      "median": 9.233319167020824,
      "min": 9.233319167020824,
      "max": 9.233319167020824,
      "raw": [
        9.233319167020824
      ]
    },
    "mean_waiting_time": {
      "mean": 35.35123843628767,
      "std": 0.0,
      "median": 35.35123843628767,
      "min": 35.35123843628767,
      "max": 35.35123843628767,
      "raw": [
        35.35123843628767
      ]
    },
    "total_stops": {
      "mean": 124569.0,
      "std": 0.0,
      "median": 124569.0,
      "min": 124569.0,
      "max": 124569.0,
      "raw": [
        124569.0
      ]
    },
    "total_emissions": {
      "mean": 607763.9897281841,
      "std": 0.0,
      "median": 607763.9897281841,
      "min": 607763.9897281841,
      "max": 607763.9897281841,
      "raw": [
        607763.9897281841
      ]
    },
    "arrival_rate": {
      "mean": 0.696978672985782,
      "std": 0.0,
      "median": 0.696978672985782,
      "min": 0.696978672985782,
      "max": 0.696978672985782,
      "raw": [
        0.696978672985782
      ]
    },
    "controlled_mean_travel_time": {
      "mean": 9.233319167020824,
      "std": 0.0,
      "median": 9.233319167020824,
      "min": 9.233319167020824,
      "max": 9.233319167020824,
      "raw": [
        9.233319167020824
      ]
    }
  }
}