{
  "policy_type": "baseline",
  "policy_name": "random",
  "n_episodes": 5,
  "seed": 0,
  "returns": {
    "mean": -224342.3625,
    "std": 9207.433217028247,
    "median": -229209.3125,
    "min": -234621.296875,
    "max": -212216.875,
    "raw": [
      -212216.875,
      -234621.296875,
      -214377.828125,
      -229209.3125,
      -231286.5
    ]
  },
  "episode_lengths": {
    "mean": 100.0,
    "std": 0.0,
    "median": 100.0,
    "min": 100.0,
    "max": 100.0,
    "raw": [
      100.0,
      100.0,
      100.0,
      100.0,
      100.0
    ]
  },
  "metrics": {
    "mean_travel_time": {
      "mean": 15.681188153570526,
      "std": 1.237446233879901,
      "median": 16.262396694214875,
      "min": 13.787246376811595,
      "max": 16.943231441048034,
      "raw": [
        16.262396694214875,
        13.787246376811595,
        16.740338983050847,
        14.672727272727272,
        16.943231441048034
      ]
    },
    "mean_waiting_time": {
      "mean": 21.54946183730889,
      "std": 1.8366869404767547,
      "median": 20.803497085761865,
      "min": 19.277334584702018,
      "max": 24.649381541389154,
      "raw": [
        20.632414759458197,
        20.803497085761865,
        19.277334584702018,
        22.384681215233204,
        24.649381541389154
      ]
    },
    "total_stops": {
      "mean": 53685.6,
      "std": 4582.938821324151,
      "median": 55606.0,
      "min": 46612.0,
      "max": 58352.0,
      "raw": [
        50095.0,
        55606.0,
        46612.0,
        57763.0,
        58352.0
      ]
    },
    "total_emissions": {
      "mean": 406086.1640965893,
      "std": 12478.577391769524,
      "median": 410169.41232957743,
      "min": 391118.97733854427,
      "max": 422913.30326009984,
      "raw": [
        391118.97733854427,
        414001.9749408785,
        392227.1526138467,
        410169.41232957743,
        422913.30326009984
      ]
    },
    "arrival_rate": {
      "mean": 0.681231715208665,
      "std": 0.022594408368378918,
      "median": 0.6835032437442076,
      "min": 0.6450704225352113,
      "max": 0.7101687937422808,
      "raw": [
        0.6697416974169742,
        0.7101687937422808,
        0.6835032437442076,
        0.6976744186046512,
        0.6450704225352113
      ]
    },
    "controlled_mean_travel_time": {
      "mean": 15.681188153570526,
      "std": 1.237446233879901,
      "median": 16.262396694214875,
      "min": 13.787246376811595,
      "max": 16.943231441048034,
      "raw": [
        16.262396694214875,
        13.787246376811595,
        16.740338983050847,
        14.672727272727272,
        16.943231441048034
      ]
    }
  }
}