{
  "seeds": [
    0
  ],
  "t_max": 10000,
  "timestamp": "20260404_142724",
  "policies": {
    "qmix": {
      "returns": {
        "mean": -247356.80625,
        "std": 37182.84518103997,
        "median": -232125.453125,
        "min": -318534.5,
        "max": -212216.828125,
        "n": 5
      },
      "metrics": {
        "mean_travel_time": {
          "mean": 13.169863243633415,
          "std": 2.7801768509714724,
          "median": 14.063020214030916,
          "min": 7.989056603773585,
          "max": 16.262396694214875,
          "n": 5
        },
        "mean_waiting_time": {
          "mean": 23.851646919991033,
          "std": 5.731785627403124,
          "median": 21.82135076252723,
          "min": 18.909517712334615,
          "max": 35.01301706682094,
          "n": 5
        },
        "total_stops": {
          "mean": 69103.4,
          "std": 29037.55577592577,
          "median": 56294.0,
          "min": 49400.0,
          "max": 126310.0,
          "n": 5
        },
        "total_emissions": {
          "mean": 437040.4731666039,
          "std": 52753.745164293265,
          "median": 416774.0184825836,
          "min": 391054.0488326755,
          "max": 537006.7122754793,
          "n": 5
        },
        "arrival_rate": {
          "mean": 0.7042719357359915,
          "std": 0.030989627283671353,
          "median": 0.6952041220768926,
          "min": 0.669432918395574,
          "max": 0.7604017216642754,
          "n": 5
        },
        "controlled_mean_travel_time": {
          "mean": 13.169863243633415,
          "std": 2.7801768509714724,
          "median": 14.063020214030916,
          "min": 7.989056603773585,
          "max": 16.262396694214875,
          "n": 5
        }
      }
    },
    "noop": {
      "returns": {
        "mean": -234232.78125,
        "std": 27310.706390175466,
        "median": -231623.984375,
        "min": -284471.0,
        "max": -205293.65625,
        "n": 5
      },
      "metrics": {
        "mean_travel_time": {
          "mean": 14.193556251625642,
          "std": 2.533308498693084,
          "median": 15.18003790271636,
          "min": 9.54708904109589,
          "max": 17.106181818181817,
          "n": 5
        },
        "mean_waiting_time": {
          "mean": 22.40720535996108,
          "std": 3.259753013836831,
          "median": 22.734711455641687,
          "min": 17.255205811138016,
          "max": 27.117157490396927,
          "n": 5
        },
        "total_stops": {
          "mean": 60510.0,
          "std": 16072.28976841819,
          "median": 59242.0,
          "min": 41603.0,
          "max": 89921.0,
          "n": 5
        },
        "total_emissions": {
          "mean": 419087.0656992028,
          "std": 39893.14367366465,
          "median": 408873.501478439,
          "min": 381488.54142560303,
          "max": 493981.0861624693,
          "n": 5
        },
        "arrival_rate": {
          "mean": 0.6957570220381772,
          "std": 0.026837139854249386,
          "median": 0.6932865291794647,
          "min": 0.6569517439082656,
          "max": 0.7413519517613456,
          "n": 5
        },
        "controlled_mean_travel_time": {
          "mean": 14.193556251625642,
          "std": 2.533308498693084,
          "median": 15.18003790271636,
          "min": 9.54708904109589,
          "max": 17.106181818181817,
          "n": 5
        }
      }
    },
    "greedy_shortest": {
      "returns": {
        "mean": -235721.909375,
        "std": 26638.84104428816,
        "median": -232630.9375,
        "min": -284198.15625,
        "max": -207913.75,
        "n": 5
      },
      "metrics": {
        "mean_travel_time": {
          "mean": 14.106767016176793,
          "std": 2.6028465239796574,
          "median": 14.68925831202046,
          "min": 9.329497016197783,
          "max": 17.118718135469774,
          "n": 5
        },
        "mean_waiting_time": {
          "mean": 22.098681692712585,
          "std": 3.076147016353652,
          "median": 21.726636475916013,
          "min": 17.931268151016457,
          "max": 27.520050922978996,
          "n": 5
        },
        "total_stops": {
          "mean": 60477.2,
          "std": 16504.795998739275,
          "median": 54266.0,
          "min": 42975.0,
          "max": 91718.0,
          "n": 5
        },
        "total_emissions": {
          "mean": 421249.04449723416,
          "std": 39232.82633874456,
          "median": 409830.5292512155,
          "min": 384994.44988825405,
          "max": 494268.77562342864,
          "n": 5
        },
        "arrival_rate": {
          "mean": 0.6954458944461578,
          "std": 0.027079855743643844,
          "median": 0.6928446771378709,
          "min": 0.6553699284009546,
          "max": 0.740296623540549,
          "n": 5
        },
        "controlled_mean_travel_time": {
          "mean": 14.106767016176793,
          "std": 2.6028465239796574,
          "median": 14.68925831202046,
          "min": 9.329497016197783,
          "max": 17.118718135469774,
          "n": 5
        }
      }
    },
    "random": {
      "returns": {
        "mean": -224342.3625,
        "std": 9207.433217028247,
        "median": -229209.3125,
        "min": -234621.296875,
        "max": -212216.875,
        "n": 5
      },
      "metrics": {
        "mean_travel_time": {
          "mean": 15.681188153570526,
          "std": 1.237446233879901,
          "median": 16.262396694214875,
          "min": 13.787246376811595,
          "max": 16.943231441048034,
          "n": 5
        },
        "mean_waiting_time": {
          "mean": 21.54946183730889,
          "std": 1.8366869404767547,
          "median": 20.803497085761865,
          "min": 19.277334584702018,
          "max": 24.649381541389154,
          "n": 5
        },
        "total_stops": {
          "mean": 53685.6,
          "std": 4582.938821324151,
          "median": 55606.0,
          "min": 46612.0,
          "max": 58352.0,
          "n": 5
        },
        "total_emissions": {
          "mean": 406086.1640965894,
          "std": 12478.577391769544,
          "median": 410169.4123295774,
          "min": 391118.9773385443,
          "max": 422913.30326009996,
          "n": 5
        },
        "arrival_rate": {
          "mean": 0.681231715208665,
          "std": 0.022594408368378918,
          "median": 0.6835032437442076,
          "min": 0.6450704225352113,
          "max": 0.7101687937422808,
          "n": 5
        },
        "controlled_mean_travel_time": {
          "mean": 15.681188153570526,
          "std": 1.237446233879901,
          "median": 16.262396694214875,
          "min": 13.787246376811595,
          "max": 16.943231441048034,
          "n": 5
        }
      }
    }
  }
}