{
  "seeds": [
    0
  ],
  "t_max": 10000,
  "timestamp": "20260403_171121",
  "policies": {
    "qmix": {
      "returns": {
        "mean": -279016.78125,
        "std": 30874.11847553556,
        "median": -265076.5,
        "min": -333517.375,
        "max": -248668.3125,
        "n": 5
      },
      "metrics": {
        "mean_travel_time": {
          "mean": 12.609541058800897,
          "std": 2.369106109838419,
          "median": 13.406729634002362,
          "min": 8.3522110162917,
          "max": 14.888235294117647,
          "n": 5
        },
        "mean_waiting_time": {
          "mean": 31.08072213186149,
          "std": 4.917477199340211,
          "median": 28.762415574096146,
          "min": 25.792515592515592,
          "max": 37.806763285024154,
          "n": 5
        },
        "total_stops": {
          "mean": 91173.6,
          "std": 25026.652461725676,
          "median": 78638.0,
          "min": 68003.0,
          "max": 131795.0,
          "n": 5
        },
        "total_emissions": {
          "mean": 487502.9926536658,
          "std": 45832.740174050814,
          "median": 466610.35265537567,
          "min": 444164.00771909027,
          "max": 571623.7281646967,
          "n": 5
        },
        "arrival_rate": {
          "mean": 0.6794250413783711,
          "std": 0.02954343372226309,
          "median": 0.6661423515532835,
          "min": 0.6447534766118836,
          "max": 0.7292786421499293,
          "n": 5
        },
        "controlled_mean_travel_time": {
          "mean": 12.609541058800897,
          "std": 2.369106109838419,
          "median": 13.406729634002362,
          "min": 8.3522110162917,
          "max": 14.888235294117647,
          "n": 5
        }
      }
    },
    "noop": {
      "returns": {
        "mean": -269375.778125,
        "std": 28382.486258802164,
        "median": -265622.0,
        "min": -313614.6875,
        "max": -231089.171875,
        "n": 5
      },
      "metrics": {
        "mean_travel_time": {
          "mean": 14.307366999434066,
          "std": 2.8723139211268993,
          "median": 15.29857512953368,
          "min": 9.464800329353643,
          "max": 18.04261572373255,
          "n": 5
        },
        "mean_waiting_time": {
          "mean": 28.611078363537718,
          "std": 3.673855186379331,
          "median": 31.03343373493976,
          "min": 23.37848041529023,
          "max": 32.260381593714925,
          "n": 5
        },
        "total_stops": {
          "mean": 79662.6,
          "std": 19174.400002086113,
          "median": 80361.0,
          "min": 55075.0,
          "max": 107998.0,
          "n": 5
        },
        "total_emissions": {
          "mean": 476450.11026966304,
          "std": 42251.25275183042,
          "median": 468970.6847404351,
          "min": 423426.473786574,
          "max": 543765.4769117179,
          "n": 5
        },
        "arrival_rate": {
          "mean": 0.665771570537571,
          "std": 0.03314554727267714,
          "median": 0.6468370339338081,
          "min": 0.6336126629422719,
          "max": 0.7259414225941423,
          "n": 5
        },
        "controlled_mean_travel_time": {
          "mean": 14.307366999434066,
          "std": 2.8723139211268993,
          "median": 15.29857512953368,
          "min": 9.464800329353643,
          "max": 18.04261572373255,
          "n": 5
        }
      }
    },
    "greedy_shortest": {
      "returns": {
        "mean": -280304.0,
        "std": 35616.886130926425,
        "median": -267760.53125,
        "min": -328042.59375,
        "max": -231089.171875,
        "n": 5
      },
      "metrics": {
        "mean_travel_time": {
          "mean": 13.307484004935555,
          "std": 3.4982569361042866,
          "median": 14.84961439588689,
          "min": 8.150462962962964,
          "max": 18.04261572373255,
          "n": 5
        },
        "mean_waiting_time": {
          "mean": 31.143556254332232,
          "std": 5.247870881812156,
          "median": 30.14099874108267,
          "min": 23.37848041529023,
          "max": 37.4288084965151,
          "n": 5
        },
        "total_stops": {
          "mean": 91610.2,
          "std": 28774.444678568514,
          "median": 78031.0,
          "min": 55075.0,
          "max": 131805.0,
          "n": 5
        },
        "total_emissions": {
          "mean": 489295.35600209923,
          "std": 49621.546713353884,
          "median": 471971.20943956776,
          "min": 423426.473786574,
          "max": 556332.4024748115,
          "n": 5
        },
        "arrival_rate": {
          "mean": 0.6762614075797924,
          "std": 0.03857151438594801,
          "median": 0.6669381107491856,
          "min": 0.6336126629422719,
          "max": 0.7416309012875536,
          "n": 5
        },
        "controlled_mean_travel_time": {
          "mean": 13.307484004935555,
          "std": 3.4982569361042866,
          "median": 14.84961439588689,
          "min": 8.150462962962964,
          "max": 18.04261572373255,
          "n": 5
        }
      }
    },
    "random": {
      "returns": {
        "mean": -305837.99375,
        "std": 32917.7949857933,
        "median": -312604.34375,
        "min": -344250.0,
        "max": -265450.625,
        "n": 5
      },
      "metrics": {
        "mean_travel_time": {
          "mean": 10.971021386550529,
          "std": 2.142932920521384,
          "median": 10.46364494806421,
          "min": 8.600915522263836,
          "max": 13.493529411764706,
          "n": 5
        },
        "mean_waiting_time": {
          "mean": 33.53969572069152,
          "std": 2.932813778069192,
          "median": 33.81078365706631,
          "min": 29.07509881422925,
          "max": 37.36130395412013,
          "n": 5
        },
        "total_stops": {
          "mean": 105098.8,
          "std": 21190.223683576347,
          "median": 106592.0,
          "min": 79603.0,
          "max": 129820.0,
          "n": 5
        },
        "total_emissions": {
          "mean": 529863.687630058,
          "std": 47567.80846976797,
          "median": 544756.194338566,
          "min": 467497.8402585656,
          "max": 581000.2729186378,
          "n": 5
        },
        "arrival_rate": {
          "mean": 0.6899953930997801,
          "std": 0.031929431548436346,
          "median": 0.7022546419098143,
          "min": 0.6412056151940545,
          "max": 0.7220428529498092,
          "n": 5
        },
        "controlled_mean_travel_time": {
          "mean": 10.971021386550529,
          "std": 2.142932920521384,
          "median": 10.46364494806421,
          "min": 8.600915522263836,
          "max": 13.493529411764706,
          "n": 5
        }
      }
    }
  }
}